group,direction,x,y
1,advance,418,1514
1,advance,1050,1704
1,advance,1114,1630
1,advance,1740,1537
1,advance,1820,1448
1,advance,2306,1582
1,advance,2316,1562
1,advance,2776,1689
1,advance,2781,1670
1,advance,3227,1792
1,advance,3326,1798
1,advance,3330,1776
1,advance,3841,1827
1,advance,3846,1803
1,advance,4246,1845
1,advance,4250,1819
1,advance,4704,1867
1,advance,4715,1852
1,advance,4864,1868
1,advance,5985,1457
1,advance,6993,1806
1,advance,7907,2646
1,advance,8509,2473
1,advance,8499,2435
1,advance,8648,2391
1,advance,9606,2853
1,advance,9688,2699
1,advance,9513,2606
1,advance,9512,2595
1,advance,8660,2171
1,advance,8000,2347
1,advance,7043,1464
1,advance,6007,1095
1,advance,4827,1527
1,advance,4756,1513
1,advance,4759,1494
1,advance,4300,1439
1,advance,4302,1422
1,advance,3897,1366
1,advance,3901,1333
1,advance,3388,1275
1,advance,3389,1254
1,advance,3293,1240
1,advance,2942,1137
1,advance,2944,1122
1,advance,2466,977
1,advance,2470,962
1,advance,1766,769
1,advance,1088,855
1,advance,671,738
1,retreat,9688,2699
1,retreat,9786,2523
1,retreat,9695,2478
1,retreat,9646,1843
1,retreat,9399,1728
1,retreat,8411,1969
1,retreat,7762,1671
1,retreat,7736,1711
1,retreat,7085,1334
1,retreat,7066,1362
1,retreat,6162,1038
1,retreat,6154,1056
1,retreat,5177,861
1,retreat,5164,872
1,retreat,4427,551
1,retreat,4435,524
1,retreat,3936,377
1,retreat,3801,393
1,retreat,3796,440
1,retreat,3180,795
1,retreat,2811,598
1,retreat,2461,700
1,retreat,1605,748
1,retreat,1253,729
1,retreat,1248,740
1,retreat,912,723
1,retreat,911,713
1,retreat,675,702
1,retreat,671,730
1,retreat,890,741
1,retreat,916,740
1,retreat,1600,776
1,retreat,2466,727
1,retreat,2812,626
1,retreat,3188,839
1,retreat,3801,491
1,retreat,3921,479
1,retreat,4345,596
1,retreat,4409,597
1,retreat,5166,921
1,retreat,6160,1116
1,retreat,7071,1452
1,retreat,7737,1845
1,retreat,8420,2153
1,retreat,9391,1915
1,retreat,9465,1951
1,retreat,9513,2606
2,advance,1050,1704
2,advance,1072,2330
2,advance,1128,2329
2,advance,1114,1630
2,retreat,1041,2345
2,retreat,916,740
2,retreat,890,741
2,retreat,1022,2346
3,advance,1740,1537
3,advance,2549,2171
3,advance,3987,2001
3,advance,4001,1943
3,advance,3944,1941
3,advance,3140,2027
3,advance,3138,2012
3,advance,2606,2070
3,advance,1820,1448
3,retreat,4001,1943
3,retreat,4409,597
3,retreat,4345,596
3,retreat,3944,1941
